YelpURL,YelpTitle,relTitle,relRating,relReviews,relBody,relThumb
"bent-creek-winery-livermore","Bent Creek Winery","Tenuta Vineyards","4.0","133","Rich made Tenuta feel like home and treated mom like a queen.","https://s3-media4.fl.yelpcdn.com/bphoto/Ur_8HP0qF269IM1r8WFa8A/60s.jpg"
"bent-creek-winery-livermore","Bent Creek Winery","Murrieta%u2019s Well","4.0","237","Thank you everyone at Wente and Murrieta's Well for your hard work.","https://s3-media1.fl.yelpcdn.com/bphoto/73PjFpdA7d6yCtyr37ZiVQ/60s.jpg"
"bent-creek-winery-livermore","Bent Creek Winery","Retzlaff Vineyards","4.0","157","When we got there, a friendly and humorous French guy named Michel greeted us.","https://s3-media1.fl.yelpcdn.com/bphoto/5KDZjSGcFhbvBCW3_IBw-g/60s.jpg"
"concannon-vineyard-livermore","Concannon Vineyard","Tenuta Vineyards","4.0","133","Rich made Tenuta feel like home and treated mom like a queen.","https://s3-media4.fl.yelpcdn.com/bphoto/Ur_8HP0qF269IM1r8WFa8A/60s.jpg"
"concannon-vineyard-livermore","Concannon Vineyard","Murrieta%u2019s Well","4.0","238","Thank you everyone at Wente and Murrieta's Well for your hard work.","https://s3-media1.fl.yelpcdn.com/bphoto/73PjFpdA7d6yCtyr37ZiVQ/60s.jpg"
"concannon-vineyard-livermore","Concannon Vineyard","Retzlaff Vineyards","4.0","157","When we got there, a friendly and humorous French guy named Michel greeted us.","https://s3-media1.fl.yelpcdn.com/bphoto/5KDZjSGcFhbvBCW3_IBw-g/60s.jpg"
"crush-livermore","Crush","Bent Creek Winery","4.5","169","Then we were able to add some Petite Syrah and watch it transform.","https://s3-media3.fl.yelpcdn.com/bphoto/ylDhlEauUPY58EfXcZoHdg/60s.jpg"
"crush-livermore","Crush","Elliston Vineyards","4.0","76","We even gave ourselves a self tour of the mansion which is in pristine condition.","https://s3-media1.fl.yelpcdn.com/bphoto/J-qhveeC8nR5f8WR-xBnDw/60s.jpg"
"crush-livermore","Crush","Retzlaff Vineyards","4.0","157","When we got there, a friendly and humorous French guy named Michel greeted us.","https://s3-media1.fl.yelpcdn.com/bphoto/5KDZjSGcFhbvBCW3_IBw-g/60s.jpg"
"cuda-ridge-wines-livermore-2","Cuda Ridge Wines","Tenuta Vineyards","4.0","133","Rich made Tenuta feel like home and treated mom like a queen.","https://s3-media4.fl.yelpcdn.com/bphoto/Ur_8HP0qF269IM1r8WFa8A/60s.jpg"
"cuda-ridge-wines-livermore-2","Cuda Ridge Wines","Retzlaff Vineyards","4.0","157","When we got there, a friendly and humorous French guy named Michel greeted us.","https://s3-media1.fl.yelpcdn.com/bphoto/5KDZjSGcFhbvBCW3_IBw-g/60s.jpg"
"cuda-ridge-wines-livermore-2","Cuda Ridge Wines","Bent Creek Winery","4.5","169","Then we were able to add some Petite Syrah and watch it transform.","https://s3-media3.fl.yelpcdn.com/bphoto/ylDhlEauUPY58EfXcZoHdg/60s.jpg"
"darcie-kent-vineyards-livermore","Darcie Kent Vineyards","Tenuta Vineyards","4.0","133","Rich made Tenuta feel like home and treated mom like a queen.","https://s3-media4.fl.yelpcdn.com/bphoto/Ur_8HP0qF269IM1r8WFa8A/60s.jpg"
"darcie-kent-vineyards-livermore","Darcie Kent Vineyards","Retzlaff Vineyards","4.0","157","When we got there, a friendly and humorous French guy named Michel greeted us.","https://s3-media1.fl.yelpcdn.com/bphoto/5KDZjSGcFhbvBCW3_IBw-g/60s.jpg"
"darcie-kent-vineyards-livermore","Darcie Kent Vineyards","Bent Creek Winery","4.5","168","Then we were able to add some Petite Syrah and watch it transform.","https://s3-media3.fl.yelpcdn.com/bphoto/ylDhlEauUPY58EfXcZoHdg/60s.jpg"
"fenestra-winery-livermore","Fenestra Winery","Tenuta Vineyards","4.0","133","Rich made Tenuta feel like home and treated mom like a queen.","https://s3-media4.fl.yelpcdn.com/bphoto/Ur_8HP0qF269IM1r8WFa8A/60s.jpg"
"fenestra-winery-livermore","Fenestra Winery","Murrieta%u2019s Well","4.0","238","Thank you everyone at Wente and Murrieta's Well for your hard work.","https://s3-media1.fl.yelpcdn.com/bphoto/73PjFpdA7d6yCtyr37ZiVQ/60s.jpg"
"fenestra-winery-livermore","Fenestra Winery","Bent Creek Winery","4.5","169","Then we were able to add some Petite Syrah and watch it transform.","https://s3-media3.fl.yelpcdn.com/bphoto/ylDhlEauUPY58EfXcZoHdg/60s.jpg"
"garre-winery-livermore-2","Garre Winery","Retzlaff Vineyards","4.0","157","When we got there, a friendly and humorous French guy named Michel greeted us.","https://s3-media1.fl.yelpcdn.com/bphoto/5KDZjSGcFhbvBCW3_IBw-g/60s.jpg"
"garre-winery-livermore-2","Garre Winery","Murrieta%u2019s Well","4.0","237","Thank you everyone at Wente and Murrieta's Well for your hard work.","https://s3-media1.fl.yelpcdn.com/bphoto/73PjFpdA7d6yCtyr37ZiVQ/60s.jpg"
"garre-winery-livermore-2","Garre Winery","Bent Creek Winery","4.5","168","Then we were able to add some Petite Syrah and watch it transform.","https://s3-media3.fl.yelpcdn.com/bphoto/ylDhlEauUPY58EfXcZoHdg/60s.jpg"
"john-christopher-cellars-livermore","John Christopher Cellars","Tenuta Vineyards","4.0","133","Rich made Tenuta feel like home and treated mom like a queen.","https://s3-media4.fl.yelpcdn.com/bphoto/Ur_8HP0qF269IM1r8WFa8A/60s.jpg"
"john-christopher-cellars-livermore","John Christopher Cellars","Retzlaff Vineyards","4.0","157","When we got there, a friendly and humorous French guy named Michel greeted us.","https://s3-media1.fl.yelpcdn.com/bphoto/5KDZjSGcFhbvBCW3_IBw-g/60s.jpg"
"john-christopher-cellars-livermore","John Christopher Cellars","Bent Creek Winery","4.5","168","Then we were able to add some Petite Syrah and watch it transform.","https://s3-media3.fl.yelpcdn.com/bphoto/ylDhlEauUPY58EfXcZoHdg/60s.jpg"
"las-positas-vineyards-livermore","Las Positas Vineyards","Tenuta Vineyards","4.0","133","Rich made Tenuta feel like home and treated mom like a queen.","https://s3-media4.fl.yelpcdn.com/bphoto/Ur_8HP0qF269IM1r8WFa8A/60s.jpg"
"las-positas-vineyards-livermore","Las Positas Vineyards","Retzlaff Vineyards","4.0","157","When we got there, a friendly and humorous French guy named Michel greeted us.","https://s3-media1.fl.yelpcdn.com/bphoto/5KDZjSGcFhbvBCW3_IBw-g/60s.jpg"
"las-positas-vineyards-livermore","Las Positas Vineyards","Bent Creek Winery","4.5","169","Then we were able to add some Petite Syrah and watch it transform.","https://s3-media3.fl.yelpcdn.com/bphoto/ylDhlEauUPY58EfXcZoHdg/60s.jpg"
"livermore-valley-cellars-livermore","Livermore Valley Cellars","Fenestra Winery","3.5","164","I bought the Zinfadel, Torrontes, and Sweet Viognier so a bit of each: one red, one white and white desert wine.","https://s3-media1.fl.yelpcdn.com/bphoto/EBsw8eZUpD6QtzJBpgQWiQ/60s.jpg"
"livermore-valley-cellars-livermore","Livermore Valley Cellars","Retzlaff Vineyards","4.0","157","When we got there, a friendly and humorous French guy named Michel greeted us.","https://s3-media1.fl.yelpcdn.com/bphoto/5KDZjSGcFhbvBCW3_IBw-g/60s.jpg"
"livermore-valley-cellars-livermore","Livermore Valley Cellars","Boaventura de Caires Vineyard","4.5","61","We especially enjoyed the Green label and the roaming chickens.","https://s3-media2.fl.yelpcdn.com/bphoto/WtGAnDPw6KjO8Y3uw4RlYw/60s.jpg"
"livermore-valley-wine-country-livermore","Livermore Valley Wine Country","Crooked Vine Winery","3.5","101","Crooked Vine/Stony Ridge is a full production winery.","https://s3-media4.fl.yelpcdn.com/bphoto/pK5YcNZeGCELUTFLveYBxA/60s.jpg"
"livermore-valley-wine-country-livermore","Livermore Valley Wine Country","Murrieta%u2019s Well","4.0","237","Thank you everyone at Wente and Murrieta's Well for your hard work.","https://s3-media1.fl.yelpcdn.com/bphoto/73PjFpdA7d6yCtyr37ZiVQ/60s.jpg"
"livermore-valley-wine-country-livermore","Livermore Valley Wine Country","Retzlaff Vineyards","4.0","157","When we got there, a friendly and humorous French guy named Michel greeted us.","https://s3-media1.fl.yelpcdn.com/bphoto/5KDZjSGcFhbvBCW3_IBw-g/60s.jpg"
"mitchell-katz-winery-livermore","Mitchell Katz Winery","Tenuta Vineyards","4.0","133","Rich made Tenuta feel like home and treated mom like a queen.","https://s3-media4.fl.yelpcdn.com/bphoto/Ur_8HP0qF269IM1r8WFa8A/60s.jpg"
"mitchell-katz-winery-livermore","Mitchell Katz Winery","Retzlaff Vineyards","4.0","157","When we got there, a friendly and humorous French guy named Michel greeted us.","https://s3-media1.fl.yelpcdn.com/bphoto/5KDZjSGcFhbvBCW3_IBw-g/60s.jpg"
"mitchell-katz-winery-livermore","Mitchell Katz Winery","Bent Creek Winery","4.5","169","Then we were able to add some Petite Syrah and watch it transform.","https://s3-media3.fl.yelpcdn.com/bphoto/ylDhlEauUPY58EfXcZoHdg/60s.jpg"
"murrietas-well-livermore-4","Murrieta%u2019s Well","Bent Creek Winery","4.5","169","Then we were able to add some Petite Syrah and watch it transform.","https://s3-media3.fl.yelpcdn.com/bphoto/ylDhlEauUPY58EfXcZoHdg/60s.jpg"
"murrietas-well-livermore-4","Murrieta%u2019s Well","Tenuta Vineyards","4.0","133","Rich made Tenuta feel like home and treated mom like a queen.","https://s3-media4.fl.yelpcdn.com/bphoto/Ur_8HP0qF269IM1r8WFa8A/60s.jpg"
"murrietas-well-livermore-4","Murrieta%u2019s Well","Retzlaff Vineyards","4.0","157","When we got there, a friendly and humorous French guy named Michel greeted us.","https://s3-media1.fl.yelpcdn.com/bphoto/5KDZjSGcFhbvBCW3_IBw-g/60s.jpg"
"nottingham-cellars-livermore","Nottingham Cellars","Tenuta Vineyards","4.0","133","Rich made Tenuta feel like home and treated mom like a queen.","https://s3-media4.fl.yelpcdn.com/bphoto/Ur_8HP0qF269IM1r8WFa8A/60s.jpg"
"nottingham-cellars-livermore","Nottingham Cellars","Retzlaff Vineyards","4.0","157","When we got there, a friendly and humorous French guy named Michel greeted us.","https://s3-media1.fl.yelpcdn.com/bphoto/5KDZjSGcFhbvBCW3_IBw-g/60s.jpg"
"nottingham-cellars-livermore","Nottingham Cellars","Bent Creek Winery","4.5","168","Then we were able to add some Petite Syrah and watch it transform.","https://s3-media3.fl.yelpcdn.com/bphoto/ylDhlEauUPY58EfXcZoHdg/60s.jpg"
"page-mill-winery-livermore","Page Mill Winery","Tenuta Vineyards","4.0","133","Rich made Tenuta feel like home and treated mom like a queen.","https://s3-media4.fl.yelpcdn.com/bphoto/Ur_8HP0qF269IM1r8WFa8A/60s.jpg"
"page-mill-winery-livermore","Page Mill Winery","Retzlaff Vineyards","4.0","157","When we got there, a friendly and humorous French guy named Michel greeted us.","https://s3-media1.fl.yelpcdn.com/bphoto/5KDZjSGcFhbvBCW3_IBw-g/60s.jpg"
"page-mill-winery-livermore","Page Mill Winery","Bent Creek Winery","4.5","169","Then we were able to add some Petite Syrah and watch it transform.","https://s3-media3.fl.yelpcdn.com/bphoto/ylDhlEauUPY58EfXcZoHdg/60s.jpg"
"rodrigue-molyneaux-winery-livermore","Rodrigue Molyneaux Winery","Tenuta Vineyards","4.0","133","Rich made Tenuta feel like home and treated mom like a queen.","https://s3-media4.fl.yelpcdn.com/bphoto/Ur_8HP0qF269IM1r8WFa8A/60s.jpg"
"rodrigue-molyneaux-winery-livermore","Rodrigue Molyneaux Winery","Retzlaff Vineyards","4.0","157","When we got there, a friendly and humorous French guy named Michel greeted us.","https://s3-media1.fl.yelpcdn.com/bphoto/5KDZjSGcFhbvBCW3_IBw-g/60s.jpg"
"rodrigue-molyneaux-winery-livermore","Rodrigue Molyneaux Winery","Bent Creek Winery","4.5","169","Then we were able to add some Petite Syrah and watch it transform.","https://s3-media3.fl.yelpcdn.com/bphoto/ylDhlEauUPY58EfXcZoHdg/60s.jpg"
"stony-ridge-winery-livermore","Stony Ridge Winery","Crooked Vine Winery","3.5","101","Crooked Vine/Stony Ridge is a full production winery.","https://s3-media4.fl.yelpcdn.com/bphoto/pK5YcNZeGCELUTFLveYBxA/60s.jpg"
"stony-ridge-winery-livermore","Stony Ridge Winery","Murrieta%u2019s Well","4.0","237","Thank you everyone at Wente and Murrieta's Well for your hard work.","https://s3-media1.fl.yelpcdn.com/bphoto/73PjFpdA7d6yCtyr37ZiVQ/60s.jpg"
"stony-ridge-winery-livermore","Stony Ridge Winery","Retzlaff Vineyards","4.0","157","When we got there, a friendly and humorous French guy named Michel greeted us.","https://s3-media1.fl.yelpcdn.com/bphoto/5KDZjSGcFhbvBCW3_IBw-g/60s.jpg"
"tenuta-vineyards-livermore","Tenuta Vineyards","Retzlaff Vineyards","4.0","157","When we got there, a friendly and humorous French guy named Michel greeted us.","https://s3-media1.fl.yelpcdn.com/bphoto/5KDZjSGcFhbvBCW3_IBw-g/60s.jpg"
"tenuta-vineyards-livermore","Tenuta Vineyards","Murrieta%u2019s Well","4.0","237","Thank you everyone at Wente and Murrieta's Well for your hard work.","https://s3-media1.fl.yelpcdn.com/bphoto/73PjFpdA7d6yCtyr37ZiVQ/60s.jpg"
"tenuta-vineyards-livermore","Tenuta Vineyards","Bent Creek Winery","4.5","169","Then we were able to add some Petite Syrah and watch it transform.","https://s3-media3.fl.yelpcdn.com/bphoto/ylDhlEauUPY58EfXcZoHdg/60s.jpg"
"the-steven-kent-winery-livermore","The Steven Kent Winery","Tenuta Vineyards","4.0","133","Rich made Tenuta feel like home and treated mom like a queen.","https://s3-media4.fl.yelpcdn.com/bphoto/Ur_8HP0qF269IM1r8WFa8A/60s.jpg"
"the-steven-kent-winery-livermore","The Steven Kent Winery","Retzlaff Vineyards","4.0","157","When we got there, a friendly and humorous French guy named Michel greeted us.","https://s3-media1.fl.yelpcdn.com/bphoto/5KDZjSGcFhbvBCW3_IBw-g/60s.jpg"
"the-steven-kent-winery-livermore","The Steven Kent Winery","Murrieta%u2019s Well","4.0","238","Thank you everyone at Wente and Murrieta's Well for your hard work.","https://s3-media1.fl.yelpcdn.com/bphoto/73PjFpdA7d6yCtyr37ZiVQ/60s.jpg"
"wente-vineyards-estate-winery-and-tasting-room-livermore","Wente Vineyards Estate Winery & Tasting Room","Woodside Vineyards","3.5","13","","https://s3-media2.fl.yelpcdn.com/bphoto/Uf8YbUy7A1ZdRlPpB9QeWg/60s.jpg"
"wente-vineyards-estate-winery-and-tasting-room-livermore","Wente Vineyards Estate Winery & Tasting Room","Applause Limousine Services","5.0","82","Tony was so polite and friendly, made us feel so welcome.","https://s3-media4.fl.yelpcdn.com/bphoto/g41aXB300AEtBByCkPKrgw/60s.jpg"
"wente-vineyards-estate-winery-and-tasting-room-livermore","Wente Vineyards Estate Winery & Tasting Room","Divine Winery Tasting Room","4.5","93","Simply put, I will be coming back to Sherman Cellars.","https://s3-media4.fl.yelpcdn.com/bphoto/BrwX7et9QEa67ZAhaRlODQ/60s.jpg"
